menu,page,article_number,date,writer,title
37,1,7244,2026.04.26.,자유시간 투자자,[Day 12] 의심했던 메일 하나가 2년을 증명했다
37,1,7243,2026.04.26.,자유시간 투자자,"[Day 11] 재테크로 시작했지만, 결국 ‘안정’을 얻었다"
37,1,7241,2026.04.26.,자유시간 투자자,[Day 10]시스템을 만드는 과정(9) : 어디를 구매할 수 있는가? 서울 급지체계
37,1,7239,2026.04.26.,파워EN,[Day 10] 돈의 심리학을 읽은 후 서평/ 독원결의 박경준
37,1,7236,2026.04.26.,파워EN,[Day 9] Story 19. 간절하면 믿게 되는 법이죠/ 독원결의 박경준
37,1,7235,2026.04.26.,파워EN,[Day 8] 17. 비관주의의 유혹/ 독원결의 박경준
37,1,7234,2026.04.26.,독서맹수,[Day12] 독서맹수 / 크게 생각하는 사람이 크게 이룬다
37,1,7232,2026.04.26.,깨어있군,[Day 12] 깨어있군 / 돈의 심리학 서평
37,1,7221,2026.04.25.,독도군 한지연,[Day 16] 독도군 한지연 / 돈의심리학을 읽으며 배운 8가지의 지혜
37,1,7220,2026.04.25.,독도군 한지연,[Day 16] 독도군 한지연 / 데일카네기-긍정태도론을 끝내며…
37,2,7213,2026.04.25.,토끼샘 권채민,"[day 7] 위험을 피하면 생존, 직면하면 존엄."
37,2,7208,2026.04.24.,이지현,[Day 13] 독원결의 이지현
37,2,7199,2026.04.24.,독서맹수,[Day 11] 독서맹수 / 나의 아이들에게 보내는 금융 조언
37,2,7194,2026.04.23.,나아가군,[Day 12] 나아가군/ 일상의 생각
37,2,7191,2026.04.23.,나아가군,[Day 11] 나아가군/안나 카레니나
37,2,7189,2026.04.23.,독하군 최영웅,"[Day 15] 외국인 친구를 만나고 느낀 것 / 최영웅 소령, 독하군 독서모임"
37,2,7187,2026.04.23.,깨어있군,[Day 11] 깨어있군 / 말의 중요성
37,2,7180,2026.04.22.,이지현,[Day 12] 혼자서도 잘 놀아요 / 독원결의 이지현
37,2,7172,2026.04.21.,이지현,[Day 11] <돈의 심리학> 완독 / 독원결의 이지현
37,2,7171,2026.04.21.,독도군,[Day 15] 독도군 한지연 / 감사•충분•겸손
37,2,7169,2026.04.21.,나아가군,[Day 10] 나아가군/ 오운완
37,2,7168,2026.04.21.,독하군 최영웅,"[Day 14] 나다움이란? / 최영웅 소령, 독하군 독서모임"
37,2,7159,2026.04.20.,책과 사는 남자,[Day 3]  인생이 언제나 행복한 날만 있는것은 아니다
37,2,7155,2026.04.20.,독도군,[Day14] 독도군 한지연 / 동아리 이름은 Book적Book적 입니다.
37,2,7154,2026.04.20.,이지현,[Day 10]
37,3,7152,2026.04.20.,독하군 최영웅,"[Day 13] 책을 읽을수록 겸손해집니다 / 최영웅 소령, 독하군 독서모임"
37,3,7150,2026.04.20.,jensnet,[Day 9] 돈의 심리학을 통해서 내가 얻은 것들
37,3,7147,2026.04.19.,가온하군 황종운,"[DAY 8] 루틴력: 할 수 있는 최대가 아니라, 끊기지 않는 기준 / 가온하군, 황종운"
37,3,7146,2026.04.19.,가온하군 황종운,"[DAY 7] 느리게 쌓이는 것, 순식간에 무너지는 것 / 가온하군, 황종운"
37,3,7142,2026.04.19.,깨어있군,[Day 10] 깨어있군 / 3주차 독서모임 후기
37,3,7136,2026.04.19.,자유시간 투자자,[Day 9]더 나은 삶을 살기위해선 ‘나’를 먼저 알아야 한다.
37,3,7132,2026.04.19.,파워EN,[Day 7] 나의 안전마진은 무엇일까?/ 독원결의 박경준
37,3,7119,2026.04.19.,jensnet,[Day8] 3차 독서나눔 후기/ 독하군
37,3,7116,2026.04.18.,깨어있군,[Day 9] 깨어있군 / 3주차 발제문에 대한 생각
37,3,7112,2026.04.18.,토끼샘 권채민,[day 6] 감사일기
37,3,7111,2026.04.18.,jensnet,[Day 7] 돈의 심리학 / 투자책을 읽다가 인생을 읽다
37,3,7109,2026.04.18.,깨어있군,[Day 8] 깨어있군 / 투자는 확률 게임?
37,3,7105,2026.04.18.,나아가군,[Day9] 나아가군 / 프로젝트 헤일메리
37,3,7102,2026.04.17.,자유시간 투자자,[Day 8] 부동산 강의가 아니라 인생 설계였다.
37,3,7101,2026.04.17.,자유시간 투자자,[Day 7] 정답이 아니라 '맞는 답'을 찾는 재테크
37,4,7100,2026.04.17.,독서맹수,[Day 10] 독서맹수 / 겸손을 찾고 용서와 연민을 생각하라
37,4,7081,2026.04.16.,책과 사는 남자,[Day 2] 부자로 남는 방법
37,4,7080,2026.04.16.,토끼샘 권채민,[Day 5]  소득이 아닌 겸손을 늘려라.
37,4,7079,2026.04.16.,야무진,[DAY9] 돈의심리학 독서를 마치며
37,4,7076,2026.04.16.,이지현,[Day 9] 미래의 나를 위한 뗄감 / 독원결의 이지현
37,4,7075,2026.04.16.,독하군 최영웅,[Day 12] 결핍의 결핍 / 독하군 최영웅 소령
37,4,7074,2026.04.16.,독도군,[Day 13] 독도군 한지연 / 일단 시작해
37,4,7067,2026.04.15.,독서맹수,[Day 9] 독서맹수 / 시장 변동성을 벌금이 아니라 수수료로 생각하자
37,4,7063,2026.04.15.,이지현,[Day 8] 다시 돌아온 선정도서+병렬도서 / 독원결의 이지현
37,4,7062,2026.04.15.,독도군,[Day12] 독도군 한지연 / 기적은 일어난다
37,4,7061,2026.04.15.,나아가군,[Day8] 나아가군/ 돈의 심리학 책을 닫으며
37,4,7058,2026.04.15.,독하군 최영웅,"[Day 11] 죽음을 기억하라 / 최영웅 소령, 독하군 독서모임"
37,4,7056,2026.04.14.,okm890,[Day 1] 나는 어떤 목표를 가지고 있는가?
37,4,7051,2026.04.14.,야무진,[DAY8] 불편하게 살아보자.
37,4,7050,2026.04.14.,독도군,[Day 11]독도군 한지연/ 생각의 무한한 가능성
37,5,7048,2026.04.14.,나아가군,[Day 7] 나아가군/휩쓸리지 않기
37,5,7047,2026.04.14.,이지현,[Day 7] 어른의 품위는 타고나는 것이 아니다 / 독원결의 이지현
37,5,7046,2026.04.14.,독하군 최영웅,"[Day 10] 4월은 참 다이나믹하다.. / 최영웅 소령, 독하군 독서모임"
37,5,7045,2026.04.13.,깨어있군,(Day 7) 깨어있군 / 수업료
37,5,7044,2026.04.13.,독서맹수,[Day 8] 독서맹수 / 파산 하면 모든 것이 끝난다
37,5,7042,2026.04.13.,야무진,[DAY7] 비관주의의 늪
37,5,7039,2026.04.13.,가온하군 황종운,"[DAY 6] 내 뜻대로 산다는 건 / 가온하군, 황종운"
37,5,7036,2026.04.13.,독도군,[Day 10]독도군 한지연/ 스스로에게 질문해보기
37,5,7035,2026.04.13.,독하군 최영웅,"[Day 9] 탐욕과 공포를 대하는 태도 / 최영웅 소령, 독하군 독서모임"
37,5,7032,2026.04.12.,파워EN,[Day 6] 우리는 손해를 감수해야 한다/ 독원결의 박경준
37,5,7031,2026.04.12.,파워EN,[Day 5] 꼬리가 몸통을 흔든다/ 독원결의 박경준
37,5,7028,2026.04.12.,가온하군 황종운,"[DAY 5] 죽음을 생각하다 돈을 떠올렸다 / 가온하군, 황종운"
37,5,7026,2026.04.12.,가온하군 황종운,"[DAY 4] 위험한 상태로 실행하기 / 가온하군, 황종운"
37,5,7023,2026.04.12.,파워EN,[Day 4] 영어 학원 강사 해고 당한 이후/ 독원결의 박경준
37,5,7021,2026.04.12.,자유시간 투자자,[Day 6] 시스템을 만드는 과정(8) : 온라인 임장 하는 법
37,7,6954,2026.04.08.,나아가군,[Day5] 나아가군 / 괴로움이 없는 삶에 대하여
37,7,6949,2026.04.08.,이지현,[Day 6] 루틴이 깨져도 괜찮은 하루 / 독원결의 이지현
37,7,6948,2026.04.08.,야무진,[Day 5] 오늘의 매몰비용
37,7,6947,2026.04.08.,독도군,[Day 8] 독도군 한지연/ 감사가 충분함의 시작이다
37,7,6946,2026.04.08.,자유시간 투자자,"[Day 4] 2년 전에는 보이지 않던 문장들, 지금은 인생이 되었다"
37,7,6944,2026.04.08.,토끼샘 권채민,[Day2] 나의 결정권?
37,7,6940,2026.04.08.,독하군 최영웅,"[Day 7] 소비를 하지 않을 선택권 / 최영웅 소령, 독하군 독서모임"
37,7,6939,2026.04.08.,독서맹수,[Day 4] 독서맹수 / 내 시간을 내 뜻대로 쓰기
37,7,6936,2026.04.07.,나아가군,[Day4] 나아가군/ 인생의 안전마진
37,7,6932,2026.04.07.,독도군,[Day 7] 독도군 한지연 / 책이 주는 가르침
37,7,6929,2026.04.07.,야무진,[Day 4]  이렇게 쌓아가야 한다.
37,7,6926,2026.04.07.,독하군 최영웅,"[Day 6] 모든 분야에서의 성공법칙 / 최영웅 소령, 독하군독서모임"
37,7,6922,2026.04.06.,독도군,[Day 6]독도군 한지연 / 생각을 바꾸자
37,7,6914,2026.04.06.,이지현,"[Day 5] 선정 8,9,10;병렬 3 챕터/독원결의 이지현"
37,7,6906,2026.04.05.,자유시간 투자자,[Day 3] 남의 게임을 멈추면 내 인생의 부가 시작된다
37,8,6905,2026.04.05.,가온하군 황종운,"[DAY 3] 진정성과 행동(4월 1번째 독서모임 발제문) / 가온하군, 황종운"
37,8,6903,2026.04.05.,깨어있군,[Day 4] 깨어있군 / 안되면 함께하라!(마라톤)
37,8,6896,2026.04.05.,파워EN,[Day 3] 가장 어려운 제테크 기술/ 독원결의 박경준
37,8,6895,2026.04.05.,파워EN,[Day 2] 계획되지 않은 계획을 준비하기 / 독원결의 박경준
37,8,6893,2026.04.05.,jensnet,[Day3] 돈의심리학 : 돈이 주는 내재적 행복은
37,8,6888,2026.04.05.,독서맹수,[Day 3] 독서맹수 / 부자 되는 것보다 중요한 것은 부자로 살아 남는 것
37,8,6887,2026.04.05.,자유시간 투자자,[Day 2] 불안과 손실회피: '원금보장'의 함정
37,8,6873,2026.04.04.,가온하군 황종운,"[DAY 2] 소중함에는 크기가 없다 / 가온하군, 황종운"
37,8,6865,2026.04.03.,깨어있군,[Day 3] 깨어있군 / 나의 경제적 충분함
37,8,6863,2026.04.03.,jensnet,[Day2] 돈의 심리학 - 워런 버핏이 절대하지 않았던 것
37,8,6860,2026.04.03.,야무진,"[Day 3] ""상실 한 가운데서 성장이 일어난다."""
37,8,6859,2026.04.03.,나아가군,[Day3] 나아가군/달리기를 말할 때 내가 하고 싶은 이야기
37,8,6858,2026.04.03.,독서맹수,"[Day 2] 독서맹수 / 어디까지 행운이고, 어디까지가 노력과 제주일까?"
37,8,6854,2026.04.03.,이지현,"[Day 4] 선정도서 6,7 병렬 2챕터 / 독원결의 이지현"
37,8,6853,2026.04.03.,독하군 최영웅,"[Day 5] 기다림의 시간을 이겨내는 힘 / 최영웅 소령, 독하군 독서모임"
37,9,6851,2026.04.03.,독도군,[Day 5] 독도군 한지연 / 책의 묘미
37,9,6849,2026.04.03.,나아가군,[Day2] 나아가군 / 청개구리 심보
37,9,6845,2026.04.02.,깨어있군,[Day 2] 깨어있군 / 돈에 대한 '인식'과 '운'
37,9,6844,2026.04.02.,jensnet,[Day 1] 돈의 심리학 /  행운과 리스크의 공통적 사실은..
37,9,6843,2026.04.02.,독도군,[Day 4] 독도군 한지연 / 인간의 욕심은 끝이 없다
37,9,6840,2026.04.02.,토끼샘 권채민,[Day1] 봄이자냐ㅑㅑㅑ~~
37,9,6839,2026.04.02.,독하군 최영웅,"[Day 4] AI를 쓰되, AI로 '쓰지는' 마세요 / 최영웅 소령, 독하군 독서모임"
37,9,6837,2026.04.02.,이지현,[Day 3] 새벽 출근 독서 2일차 / 독원결의 이지현
37,9,6834,2026.04.01.,자유시간 투자자,[Day 1]시스템을 만드는 과정(7) : 강원도 산골짜기 군인도 할 수 있는 온라인 임장
37,9,6829,2026.04.01.,야무진,[Day2] 결코 채워지지 않는 것에 대한 해방
37,9,6827,2026.04.01.,나아가군,"[Day1] 나아가군/ 닥치고 기다려라, 꾸준함의 힘"
37,9,6824,2026.04.01.,독하군 최영웅,"[Day 3] '충분히(enough) 가졌음을 아는 것 / 최영웅 소령, 독하군 독서모임"
37,9,6823,2026.04.01.,이지현,[Day 2] 새벽독서 시작 / 독원결의 이지현
37,9,6822,2026.04.01.,깨어있군,[Day 1] 깨어있군 / 1년만의 글쓰기 (독서모임 시스템)
37,9,6821,2026.03.31.,가온하군 황종운,"[DAY 1] 나는 돈을 어떻게 대하는가 / 가온하군, 황종운"
37,10,6819,2026.03.31.,파워EN,[Day 1] 나의 인생을 바꾸는 독하군 모임/ 독원결의 박경준
37,10,6817,2026.03.31.,독도군,[Day2]독도군 한지연 / 해보지 않았던 것에 대한 매력
37,10,6815,2026.03.31.,야무진,[Day1] 나도 독원결의
37,10,6814,2026.03.31.,독서맹수,[Day 1] 독서맹수 / 어린시절 경험이 너무 중요하다
37,10,6811,2026.03.31.,이지현,[Day 1] 4월의 도서친구들 소개 / 독원결의 이지현
37,10,6810,2026.03.31.,독하군 최영웅,"[Day 2] 불편함과 마주하라 / 최영웅 소령, 독하군 독서모임"
37,10,6809,2026.03.31.,독도군,[Day 2]독도군 한지연 / 내가 이전에 하지 않았던 것
37,10,6801,2026.03.30.,독서하는 Porco,[DAY 11] 독서하는 Porco(정연우) / 병렬독서  듀얼 브레인을 읽고…
37,10,6797,2026.03.30.,독하군 최영웅,"[Day 1] 아무도 미치지 않았다 / 최영웅 소령, 독하군 독서모임"
37,10,6794,2026.03.30.,양기웅,[Day12] /1조 독원결의 양기웅
38,1,7245,2026.04.26.,온유,죽은의사는  거짓말을  하지 않는다
38,1,7240,2026.04.26.,건강하군,[Day 10] 건강하군 / 타협없는 목표
38,1,7229,2026.04.26.,달달하군 김민수,[4월 DAY12] 달달하군 / 4월 마지막 모임 그리고 마지막 글
38,1,7228,2026.04.26.,달달하군 김민수,[4월 DAY11] 달달하군 / Interview script
38,1,7227,2026.04.26.,달달하군 김민수,[4월 DAY 10] 달달하군 / 선택사항으로서의 고통
38,1,7225,2026.04.26.,영화보는 떡볶이,4월[Day-11] 좋아하는 것을 하라
38,1,7218,2026.04.25.,유니크하군,[공유] (DAY 15) 유니크하군 / 세월
38,1,7201,2026.04.24.,의리하군 정승일,[DAY 12] 의리하군 정승일 / 독서의 매력
38,1,7197,2026.04.24.,의리하군 정승일,[DAY 11] 의리하군 정승일 / 돈의 심리학 완독^^
38,1,7192,2026.04.23.,톡톡하군 김성호,[Day-12]매직큐 김성호(톡톡하군) / 42.195
38,2,7184,2026.04.22.,영화보는 떡볶이,4월[Day-10] 소득을 늘리는 것이 아니라 겸손을 늘리는 것
38,2,7182,2026.04.22.,JNP,[Day 17] JNP 서정원 / 딱 한 발짝만 먼저 가면!
38,2,7181,2026.04.22.,톡톡하군 김성호,[Day-11]매직큐 김성호(톡톡하군) / 돈보다 먼저 가져야할 태도
38,2,7179,2026.04.22.,건강하군,[Day 9] 건강하군 / '엄마는 육군장교'와 함께한 복직 후기
38,2,7173,2026.04.21.,톡톡하군 김성호,[Day-10]매직큐 김성호 (톡톡하군) / 전화를 끊고나서 깨달은 것
38,2,7167,2026.04.21.,유니크하군,[공유] (DAY 14) 유니크하군 / 말 한마디
38,2,7165,2026.04.20.,의리하군 정승일,[DAY 10] 의리하군 정승일 / 밤잠을 설치지 않고 안심하는 방법
38,2,7163,2026.04.20.,유니크하군,[공유] (DAY 13) 유니크하군 / 개성
38,2,7153,2026.04.20.,유니크하군,[공유] (DAY 12) 유니크하군 / 돈 워리 비 해피
38,2,7151,2026.04.20.,영화보는 떡볶이,4월[Day-9] 내 시간을 내 뜻대로 쓸 수 있다
38,2,7149,2026.04.20.,자유롭군 안남규,"[DAY-5] '생존'을 위하여, '전멸'을 면하자."
38,2,7148,2026.04.20.,온유,죽은 의사는 거짓말을  하지 않는다
38,2,7145,2026.04.19.,의리하군 정승일,"[DAY 9] 의리하군 정승일 / 여덟단어, 나를 바꾸다"
38,2,7137,2026.04.19.,단단하군 민규남,[공유] 돈은 어떻게 만들어 지는가?
38,2,7131,2026.04.19.,자유롭군 안남규,[DAY-4] 사람들은 언제나 최고 수익률을 원한다.
38,3,7129,2026.04.19.,달달하군 김민수,[4월 DAY 9] 달달하군 / 달리기의 맛
38,3,7128,2026.04.19.,달달하군 김민수,[4월 DAY 8] 달달하군 / 책을 쓰고 있습니다
38,3,7122,2026.04.19.,JNP,[Day 16] JNP 서정원 / 독서모임 후기
38,3,7121,2026.04.19.,단단하군 민규남,[공유] [Day8] 단단하군 / 발상의 전환
38,3,7120,2026.04.19.,영화보는 떡볶이,4월[Day-8 주변 사람들이 모두 미쳐갈 때 평범한 것을 할 수 있는 사람
38,3,7113,2026.04.18.,유니크하군,[공유] (DAY 11) 유니크하군 / 마인드컨트롤
38,3,7110,2026.04.18.,단단하군 민규남,[공유] [Day 7] 단단하군 / 협동하는 것이 이득일까?
38,3,7104,2026.04.17.,의리하군 정승일,[DAY 8] 의리하군 정승일 / 성공적인 투자는 대가가 따른다.
38,3,7096,2026.04.17.,건강하군,[Day 8] 건강하군 / 복직 전 마지막 평일 그리고 새벽독서모임
38,3,7090,2026.04.17.,건강하군,[Day 7] 건강하군 / 소유한 물건보다 빛나는 사람이 되고싶다.
38,3,7089,2026.04.17.,유니크하군,[공유] (DAY 10) 유니크하군 / 여름
38,3,7086,2026.04.16.,JNP,[Day 15] JNP 서정원 / 꽁꽁 얼어붙은 한강 위로 고양이가 걸어갑니다
38,3,7077,2026.04.16.,달달하군 김민수,[4월 DAY 7] 달달하군 / 정비중대 독서모임의 시작
38,3,7070,2026.04.16.,자유롭군 안남규,[DAY-3] 만족을 모르면 매우 위험하다.
38,3,7069,2026.04.16.,건강하군,[Day 6] 건강하군 / 돌잔치 후기 그리고 돈의 진정한 가치
38,4,7066,2026.04.15.,영화보는 떡볶이,4월[Day-7] 유리한 고지에 서는 것과 살아남는 것은 전혀 별개의 문제다
38,4,7065,2026.04.15.,JNP,[Day 14] JNP 서정원 / 내부경쟁 속 길 만들기
38,4,7064,2026.04.15.,톡톡하군 김성호,[Day-9]매직큐 김성호(톡톡하군) / 더 벌수록 불안한 이유
38,4,7053,2026.04.14.,의리하군 정승일,[DAY 7] 의리하군 정승일 / 나만의 안전마진 방법
38,4,7052,2026.04.14.,톡톡하군 김성호,"[Day-8]매직큐 김성호(톡톡하군) / 당신의 ""나력""은 무엇입니까?"
38,4,7041,2026.04.13.,톡톡하군 김성호,[Day-7]매직큐 김성호(톡톡하군) / 나는 000000 코치다.
38,4,7033,2026.04.13.,단단하군 민규남,[공유] [Day 5] 단단하군 / 정답은 없다.
38,4,7025,2026.04.12.,온유,돈의 심리학
38,4,7020,2026.04.12.,온유,죽은 의사는 거짓말을 하지 않는다
38,4,7017,2026.04.12.,JNP,[Day 13] JNP 서정원 / 미국 자녀 교육 비용
38,4,7016,2026.04.12.,JNP,[Day 12] JNP 서정원 / 모든 주식을 소유하라
38,4,7010,2026.04.12.,의리하군 정승일,[DAY 6] 의리하군 정승일 / 소통하라
38,4,7001,2026.04.12.,달달하군 김민수,[4월 DAY6] 달달하군 / 그렇구나 그럴수 있지 그래라 그래
38,4,6998,2026.04.12.,JNP,[Day 11] JNP 서정원 / 모리와 함께한 화요일 - 묘비명 써보기
38,4,6997,2026.04.11.,유니크하군,[공유] (DAY9) 유니크하군 / 고요함
38,5,6994,2026.04.11.,달달하군 김민수,[4월 DAY5] 달달하군 / 달과 6펜스
38,5,6993,2026.04.11.,달달하군 김민수,[4월 DAY4] 달달하군 / 숙면의 모든것
38,5,6989,2026.04.11.,유니크하군,[공유] (DAY8) 유니크하군 / 생각
38,5,6986,2026.04.11.,의리하군 정승일,[DAY 5] 의리하군 정승일 / 저축할래? 지출할래?
38,5,6984,2026.04.10.,영화보는 떡볶이,4월[Day-6] 홀로 불만에 가득 찬 마음. 고분
38,5,6982,2026.04.10.,달달하군 김민수,[4월 DAY3] 달달하군 / 달리기 분석
38,5,6979,2026.04.10.,단단하군 민규남,[공유] [Day 4] 단단하군 / 성공의 필수전제조건
38,5,6976,2026.04.10.,유니크하군,[공유] (DAY7) 유니크하군 / 관심
38,5,6974,2026.04.10.,JNP,[Day 10] JNP 서정원 / 당장 더 나은 사람이 되는 법
38,5,6973,2026.04.10.,JNP,[Day 9] JNP 서정원 / 미국에서 사는 비용?
38,5,6970,2026.04.09.,유니크하군,[공유] (DAY6) 유니크하군 / 꾸준함
38,5,6969,2026.04.09.,영화보는 떡볶이,4월[Day-5] Never enough
38,5,6958,2026.04.09.,건강하군,[Day 5] 건강하군 / 닥치고 실천하며 기다려라
38,5,6957,2026.04.09.,자유롭군 안남규,[DAY-2] 행운과 리스크
38,5,6956,2026.04.09.,단단하군 민규남,[공유] [Day3] 단단하군/ 평범한 조직
38,6,6953,2026.04.08.,JNP,[Day 8] JNP 서정원 / 미로 속 아이 - 첫 사랑을 가슴 깊이 묻어야 할 때
38,6,6952,2026.04.08.,JNP,[Day 7] JNP 서정원 / 공허의 시대 - 성공하면 행복할 줄 알았는데...
38,6,6950,2026.04.08.,톡톡하군 김성호,[Day-6]매직큐 김성호(톡톡하군)/ 00은 지혜를 만든다.
38,6,6942,2026.04.08.,유니크하군,[공유] (DAY 5) 유니크하군 / 출근길
38,6,6938,2026.04.08.,JNP,[Day 6] JNP 서정원 / 부자가 되려면 더 벌어라
38,6,6937,2026.04.08.,건강하군,[Day 4] 건강하군 / '서커스'를 이겨낸 에너지 관리법
38,6,6935,2026.04.07.,JNP,[Day 5] JNP 서정원 / 무릎에 사서 어깨에 팔으라고? (말이야 쉽지!)
38,6,6934,2026.04.07.,톡톡하군 김성호,[Day-5]매직큐 김성호(톡톡하군) / 아이들이 묻는 100가지 이유 속에 깨달음
38,6,6928,2026.04.07.,유니크하군,[공유] (DAY 4) 유니크하군 / 체력측정
38,6,6927,2026.04.07.,의리하군 정승일,[DAY 4] 의리하군 정승일 / wearlthy와 rich
38,6,6915,2026.04.06.,톡톡하군 김성호,[Day-4]매직큐 김성호(톡톡하군) / 돈이 나에게 준 선물
38,6,6913,2026.04.06.,영화보는 떡볶이,4월[Day-4] 이로움과 해로움을 분간하지 못한다
38,6,6912,2026.04.06.,건강하군,[Day 3] 건강하군 / '삶의 불공평함'과 '리스크'는 어떻게 해석하느냐에 따라 달렸다.
38,6,6911,2026.04.05.,온유,죽은 의사는  거짓말을  하지 않는다  (충분한 영양보급이  장수의 비결)
38,6,6909,2026.04.05.,온유,돈의심리학  2023년  구매했던책?
38,7,6907,2026.04.05.,온유,죽은 의사는 거짓말을  하지 않는다  닥터 월렉
38,7,6897,2026.04.05.,유니크하군,[공유] (DAY3) 유니크하군 / 벚꽃
38,7,6886,2026.04.05.,단단하군 민규남,[공유] [Day 2] 내 할 일이란 무엇인가
38,7,6885,2026.04.05.,영화보는 떡볶이,"4월[Day-3] 겉으로 보이는 것만큼 좋은 경우도, 나쁜 경우도 없다"
38,7,6881,2026.04.04.,유니크하군,[공유] (DAY 2) 유니크하군 / 끈기
38,7,6880,2026.04.04.,유니크하군,[공유] (DAY1) 유니크하군 / 열정
38,7,6875,2026.04.04.,건강하군,[Day 2] 건강하군 / 2조 첫번째 독서모임 : 육아 선배님들의 꿀팁 대방출!
38,7,6872,2026.04.04.,달달하군 김민수,[4월 DAY2] 달달하군 / 2조 첫 모임
38,7,6870,2026.04.04.,영화보는 떡볶이,4월[Day-1] 돈의 심리학
38,7,6869,2026.04.04.,영화보는 떡볶이,4월 [Day-2] 무위도식하는 자를 없앤다
38,7,6866,2026.04.03.,JNP,[Day 4] JNP 서정원 / 샌드박스 도시를 상상해보다
38,7,6856,2026.04.03.,JNP,[Day 3] JNP 서정원 / 확인없는 삶에 대한 영포티(진)의 푸념
38,7,6852,2026.04.03.,의리하군 정승일,[DAY 3] 의리하군 정승일 / 시간
38,7,6848,2026.04.02.,의리하군 정승일,[DAY 2] 의리하군 정승일 / 충분함
38,7,6846,2026.04.02.,JNP,[Day 2] JNP 서정원 / 남을 용서하는 것도 어렵지만 더 어려운 건 나를 용서하는 것
38,8,6842,2026.04.02.,달달하군 김민수,[4월 DAY1] 달달하군 / 독서의 대한 나의 생각
38,8,6836,2026.04.01.,건강하군,[Day1] 건강하군 / 4월의 시작 : 겸손하고 담담하게!
38,8,6831,2026.04.01.,자유롭군 안남규,[DAY-1] 돈이 전부가 아니다.
38,8,6828,2026.04.01.,톡톡하군 김성호,[Day-3]매직큐 김성호(톡톡하군) /  초등학교 4학년에게 말하듯
38,8,6820,2026.03.31.,톡톡하군 김성호,[Day-2]매직큐 김성호(톡톡하군) / 답을 찾는게 아니라 질문을 찾아라
38,8,6813,2026.03.31.,JNP,[Day 1] 협력의 진화 - 왜 우리는 협력해야 하나?
38,8,6808,2026.03.30.,톡톡하군 김성호,[Day-1]매직큐 김성호(톡톡하군) / 돈은 머리가 아니라 감정
38,8,6806,2026.03.30.,단단하군 민규남,[공유] 가치의 서열
38,8,6798,2026.03.30.,의리하군 정승일,[DAY 1] 의리하군 정승일 / 나답게 나의 답을 찾아서
39,1,7233,2026.04.26.,굳건하군 이태희,[Day 12] 굳건하군 이태희 / (병렬도서) 새는 날아가면서 뒤돌아보지 않는다.(류시화)
39,1,7224,2026.04.26.,철저하군,Day 27. 일상에서 마주하는 문장
39,1,7222,2026.04.25.,굳건하군 이태희,"[Day11] 굳건하군 / 매력적인 허구, 진정한 돈의 심리학 겸손"
39,1,7219,2026.04.25.,블루진즈 황의진,[공유] [Day 12] 성장이라는 고통
39,1,7210,2026.04.24.,굳건하군 이태희,[Day 10] 굳건하군 /
39,1,7209,2026.04.24.,블루진즈 황의진,[공유] [Day 11] 사색
39,1,7205,2026.04.24.,일리아나,[Day7]일리아나 /권가은 부자의 정의
39,1,7204,2026.04.24.,일리아나,[day6]일리아나/권가은  판단의 기준
39,1,7203,2026.04.24.,도사 정수진,[Day 13] 도사 정수진 / 돈의 심리학 (목표는 독립성)
39,1,7202,2026.04.24.,도사 정수진,[Day 12] 도사 정수진/ 돈의 심리학 (보편적 진실)
39,1,7193,2026.04.23.,철저하군,Day 26. 회색지대에서 배우는법
39,1,7186,2026.04.22.,철저하군,Day 25. 그대의 보물은 무엇인가?
39,1,7178,2026.04.22.,블루진즈 황의진,[공유] [Day 10] 요즘 어떠신가요?
39,1,7177,2026.04.22.,도사 정수진,"[Day 11] 도사 정수진/ 돈의 심리학(비관주의, 우리의 믿음)"
39,2,7174,2026.04.21.,철저하군,Day 23. 버릴줄 아는 용기
39,2,7164,2026.04.20.,철저하군,Day 20. 아티스트 웨이 (병렬독서)
39,2,7140,2026.04.19.,집요하군 김혜진,"[Day 10] 2-2편. 완벽한 성공, 합격보다 값진 것"
39,2,7139,2026.04.19.,굳건하군 이태희,[Day 9] 굳건하군 이태희 / 투자에서 내 자신과 타인에게 흔들리지 않는 심리
39,2,7138,2026.04.19.,집요하군 김혜진,[Day 9] 2-1편. 25년 차 HR 고수가 연봉보다 '내 시간의 주인'이 되기를 선택한 이유
39,2,7130,2026.04.19.,블루진즈 황의진,[공유] [Day 9] 독서모임의 가치
39,2,7126,2026.04.19.,도사 정수진,[Day 10] 도사 정수진/ 돈의 심리학(내가 하고 있는 게임은?)
39,2,7123,2026.04.19.,도사 정수진,[Day 9] 도사 정수진/ 돈의 심리학 (수수료)
39,2,7108,2026.04.18.,철저하군,Day 19. 노인 천명 인터뷰
39,2,7103,2026.04.17.,굳건하군 이태희,"[Day 8] 굳건하군 이태희 / 변하는 것을 인정하고 대비하기, 안전마진"
39,2,7099,2026.04.17.,철저하군,Day18. 록펠러 이야기
39,2,7097,2026.04.17.,블루진즈 황의진,[공유] [Day 8] 평범함의 행복
39,2,7083,2026.04.16.,굳건하군 이태희,[Day 7] 굳건하군 이태희 / 한번도 일어난 적이 없는 일은 언제나 일어난다.
39,2,7082,2026.04.16.,철저하군,Day 16. 뭣이 중한디!
39,2,7078,2026.04.16.,도사 정수진,[Day 8] 도사 정수진/ 돈의 심리학(예측불가의 일/안전마진/미래의 나)
39,3,7071,2026.04.16.,집요하군 김혜진,"[Day 8] 남의 성공, 그대로 베끼면 안 됩니다 (2-2)"
39,3,7060,2026.04.15.,블루진즈 황의진,[공유] [Day 7] 안전장치
39,3,7059,2026.04.15.,철저하군,Day15 배당금으로 사는 하루
39,3,7055,2026.04.14.,일리아나,[Day5]일리아나/권가은 이찬혁처럼
39,3,7049,2026.04.14.,철저하군,Day 14. 계획이 계획대로 되지않을때
39,3,7037,2026.04.13.,철저하군,Day13. 서두르지 마라! (워린버핏의 일침)
39,3,7029,2026.04.12.,철저하군,Day 12. 병렬독서: 퍼플카우 와 돈의심리학 연결하기
39,3,7024,2026.04.12.,집요하군 김혜진,[Day 7] 커리어는 몇 번의 선택이 만든다 (2-1편)
39,3,7022,2026.04.12.,도사 정수진,[Day 7] 도사 정수진/ 돈의 심리학 (Reasonable > Rational)
39,3,7019,2026.04.12.,굳건하군 이태희,[Day 6] 굳건하군 이태희 / 저축의 중요성_자유롭고 유연한 삶 가능
39,3,7012,2026.04.12.,집요하군 김혜진,[Day 6] 버는 전술 vs 남는 전략
39,3,7009,2026.04.12.,일리아나,[Day4] 일리아나/권가은 <추억의  LG IBM>
39,3,7006,2026.04.12.,블루진즈 황의진,[공유] [Day 6] 돈의 진짜 가치
39,3,6991,2026.04.11.,도사 정수진,"[Day 6] 도사 정수진/ 돈의 심리학(겸손,친절,공감/ Rich Vs Wealthy/ 저축)"
39,3,6988,2026.04.11.,철저하군,Day.11. 복리의 마법
39,4,6975,2026.04.10.,철저하군,Day 10. 가슴에 손을 얹고 질문해봐
39,4,6966,2026.04.09.,일리아나,[Day3] 일리아나 / 권가은< 닥치고 기다려라>
39,4,6964,2026.04.09.,철저하군,Day9. 그냥 너를 따라가
39,4,6962,2026.04.09.,블루진즈 황의진,[공유] [Day 5] 회고
39,4,6951,2026.04.08.,굳건하군 이태희,[Day 5] 굳건하군 이태희 / 부의 정의
39,4,6943,2026.04.08.,철저하군,Day8. 지금도 충분해!
39,4,6941,2026.04.08.,블루진즈 황의진,[공유] [Day 4] 지금 나에게 중요한 것
39,4,6931,2026.04.07.,굳건하군 이태희,[Day4] 굳건하군 이태희 / 돈의 진짜 가치
39,4,6930,2026.04.07.,철저하군,Day7. 돈의심리학 7일차 글쓰기
39,4,6925,2026.04.07.,도사 정수진,[Day 5] 도사 정수진/ 돈의 심리학(공포순간의 선택/ 선택의 자유)
39,4,6920,2026.04.06.,철저하군,Day6. 철저하군 글쓰기
39,4,6919,2026.04.06.,일리아나,[Day2]일리아나/권가은  라떼한잔
39,4,6918,2026.04.06.,집요하군 김혜진,"[Day 5] 닥치고 기다려라, 시간의 힘이 커리어를 부유케 하리니"
39,4,6904,2026.04.05.,블루진즈 황의진,[공유] [Day 3] 발제문에 대한 생각
39,4,6899,2026.04.05.,굳건하군 이태희,[Day3] 굳건하군 이태희/세상의 마지막 우체국(병렬도서)
39,5,6891,2026.04.05.,도사 정수진,[Day 4] 도사 정수진/ 돈의 심리학( 복리와 부의 유지 )
39,5,6884,2026.04.04.,철저하군,Day5 누구를 칭송하고 누구를 무시할것인가
39,5,6877,2026.04.04.,일리아나,[Day1] 일리아나/권가은  다시 힘을 내보기로 했다
39,5,6867,2026.04.04.,집요하군 김혜진,"[Day 4] 더 가지려다, 이미 가진 걸 잃고 있다"
39,5,6862,2026.04.03.,철저하군,Day4 벤더빌트의 무모함
39,5,6857,2026.04.03.,블루진즈 황의진,[공유] [Day2] 멈출 줄 아는 사람만이 끝까지 간다
39,5,6855,2026.04.03.,굳건하군 이태희,[Day 2] 굳건하군 이태희 /  돈의 심리학_부요케 하는 시간_부자로 남을 것_Long tail
39,5,6841,2026.04.02.,철저하군,Day3 독자들과 대화하는 글쓰기
39,5,6838,2026.04.02.,도사 정수진,[Day 3] 도사 정수진/ 돈의 심리학( 결코 채워지지 않는 것)
39,5,6833,2026.04.01.,집요하군 김혜진,[Day 3] 합격은 시작일 뿐—성공은 행운과 리스크를 읽는 사람이 만든다
39,5,6830,2026.04.01.,굳건하군 이태희,[Day 1] 굳건하군 이태희 / 돈의 심리학
39,5,6826,2026.04.01.,블루진즈 황의진,"[공유] [Day 1] 불안은 사라지지 않는다, 내가 다루는 법을 배울 뿐"
39,5,6818,2026.03.31.,철저하군,Day2. 『돈의 심리학』'운과 리스크(Luck & Risk)'
39,5,6816,2026.03.31.,집요하군 김혜진,"[Day 2] 아무도 미치지 않았다 – 돈, 취업, 그리고 “내 이야기”의 힘"
39,5,6807,2026.03.30.,철저하군,Day1. 돈 💰 너마저..
39,6,6804,2026.03.30.,집요하군 김혜진,"[Day 1] 돈보다 “태도”가 먼저다 – 軍 전우의 돈 심리, 취업 심리"
39,6,6800,2026.03.30.,도사 정수진,[Day 2] 도사 정수진/ 돈의 심리학(행운과 리스크는 도플갱어)
39,6,6799,2026.03.30.,도사 정수진,[Day 1] 도사 정수진/ 돈의 심리학(운과 돈에 대한 경험)
39,6,6796,2026.03.30.,독도군,[Day 1]독도군 한지연/내 삶은 내 스스로 컨트롤 할 수 있어야한다.
40,1,7242,2026.04.26.,충실하군 최경남,[Day 12] 충실하군 최경남 / 회식에 불참하기로 했습니다
40,1,7238,2026.04.26.,충실하군 최경남,[Day 11] 충실하군 최경남 / 프로스타터
40,1,7237,2026.04.26.,딸셋소령,"""오늘의 보물지도, 금마도서관"""
40,1,7231,2026.04.26.,충실하군 최경남,[Day 10] 충실하군 최경남 / 돈의 심리학을 읽고
40,1,7230,2026.04.26.,뚝샘,[Day 8] 뚝샘 전혜진 / 나답게 성장하기
40,1,7226,2026.04.26.,책내음 양자강,[Day16] 책내음(양자강) / 니체 인생수업. 그럼 나의 인생수업은?
40,1,7223,2026.04.26.,뚝샘,[Day 7] 수많은 긴긴 밤을 지나면 바다를 만날 수 있을까?
40,1,7217,2026.04.25.,딸셋소령,"""성공의 대가, 그리고 엄마의 대가"""
40,1,7216,2026.04.25.,꾸준하군 한윤정,[공유] [Day 12 꾸준하군 한윤정 / 서로 다른 게임]
40,2,7215,2026.04.25.,꾸준하군 한윤정,[공유] [Day 11 꾸준하군 한윤정 / 변동성을 수수료로 생각하기]
40,2,7212,2026.04.25.,꾸준하군 한윤정,[공유] [Day 10 꾸준하군 한윤정 / 미래를 바꿔 놓을 이례적인 사건]
40,2,7207,2026.04.24.,책내음 양자강,[Day15] 책내음(양자강) / 돈이 어렵다. 그래서 공부해야 한다.
40,2,7195,2026.04.23.,책내음 양자강,[Day14] 책내음(양자강) / 고전과 부 어떤 연관이 있을까?
40,2,7161,2026.04.20.,책내음 양자강,[Day13] 책내음(양자강) / 나는 나이를 어떻게 먹고 있나?
40,2,7158,2026.04.20.,쓰나미,"(Day 8) 한 사람이 찾아온다는 것은, 하나의 우주를 맞이하는 일"
40,2,7144,2026.04.19.,양기웅,[Day9] 완독 /책좀4조 양기웅(럭키아이)
40,2,7143,2026.04.19.,쓰나미,"(Day 7) 도달하는 것보다 위대한 것, 머무르는 것에 대하여 (ft. 마카오의 새벽)"
40,2,7141,2026.04.19.,딸셋소령,"""성공의 대가"""
40,2,7135,2026.04.19.,꾸준하군 한윤정,[공유] [Day 9 꾸준하군 한윤정 / 투자는 과학이 아니다!]
40,2,7134,2026.04.19.,충실하군 최경남,[Day 9] 충실하군 최경남 / ㅌㅅㄹ 투자하고 후회했어요
40,2,7133,2026.04.19.,뚝샘,[Day 6] 뚝샘 전혜진 / 증거기반의 실제
40,2,7127,2026.04.19.,충실하군 최경남,[Day 8] 충실하군 최경남 / 충주 거주 3년 만에 마주쳤습니다.
40,2,7125,2026.04.19.,책내음 양자강,[Day12-1] 책내음(양자강) / 알차게 여행했다
40,2,7124,2026.04.19.,책내음 양자강,[Day12] 책내음(양자강) / 잔잔한 울림 불편한 편의점2
40,3,7118,2026.04.19.,충실하군 최경남,[Day 7] 충실하군 최경남 / 한 해 농사의 시작
40,3,7117,2026.04.18.,뚝샘,[Day 5] 뚝샘 전혜진 / 왜(Why)를 안다는 것
40,3,7115,2026.04.18.,양기웅,[Day8] 우리는 왜 일을 하는가를 읽고 / 책좀4조 양기웅(럭키아이)
40,3,7107,2026.04.18.,딸셋소령,"""과거의 나, 미래의 나"""
40,3,7106,2026.04.18.,딸셋소령,"""돈의 심리학이 데려다준 새벽 생각들"""
40,3,7098,2026.04.17.,책내음 양자강,[Day11] 책내음(양자강) / 어린왕자를 읽고
40,3,7093,2026.04.17.,뚝샘,[Day4] 뚝샘 전혜진/새로운 일은 반드시 일어난다
40,3,7092,2026.04.17.,양기웅,[Day7] 오늘은 좀 철학적인 이야기(이해안됨주의) /책좀4조 양기웅
40,3,7088,2026.04.16.,책내음 양자강,[Day10] 책내음(양자강) / 올해 최애 책
40,3,7073,2026.04.16.,꾸준하군 한윤정,[공유] [Day 8 꾸준하군 한윤정 / 꼬리가 전체를 흔든다]
40,3,7072,2026.04.16.,꾸준하군 한윤정,[공유] [Day 7 꾸준하군 한윤정 / 나의 안전마진은?]
40,3,7068,2026.04.15.,책내음 양자강,[Day9] 책내음(양자강) / 진심을 다해 원해보자
40,3,7054,2026.04.14.,책내음 양자강,[Day8] 책내음(양자강) / 처음으로 떠나는 도서관 여행
40,3,7034,2026.04.13.,쓰나미,"(Day 6) 당신은 지금, 인생의 칩을 어디에 걸고 있습니까? (ft. 가장 위험한 도박)"
40,3,7030,2026.04.12.,양기웅,[DAY6] 또 실패에 대해 이야기한다. /책좀4조 양기웅
40,4,7027,2026.04.12.,책내음 양자강,[Day7] 책내음(양자강) / 나만의 시스템을 향해
40,4,7013,2026.04.12.,충실하군 최경남,[Day 6] 충실하군 최경남 / 나만의 저축 노하우
40,4,7005,2026.04.12.,충실하군 최경남,[Day 5] 충실하군 최경남 / 10년째 겸직 중입니다
40,4,7004,2026.04.12.,딸셋소령,분석의 실패가 아니다. 상상력의 실패다.
40,4,7003,2026.04.12.,양기웅,[Day5] 타협이라는 유혹 / [책좀4조] 양기웅
40,4,6999,2026.04.12.,뚝샘,[Day3] 뚝샘 전혜진/'선생님다운 나' 말고 '나다운 선생님'
40,4,6992,2026.04.11.,딸셋소령,"책 도착 전, 첫 리뷰가 달렸다!"
40,4,6985,2026.04.10.,양기웅,[Day4] 본능에 지배당하지 않기 위하여 / 책좀4조 양기웅
40,4,6983,2026.04.10.,뚝샘,[day2] 뚝샘 전혜진/교과서 붙임딱지(스티커) 버리면 안 되는 이유
40,4,6981,2026.04.10.,책내음 양자강,[Day6] 책내음(양자강) / '좋은 날들' 나에게 울림이 왔다
40,4,6971,2026.04.09.,쓰나미,(Day5) 다이어트를 엑셀로 계산하면 망하는 이유 (ft. 스무 살의 땀과 아흔다섯의 죽음)
40,4,6959,2026.04.09.,꾸준하군 한윤정,[공유] [Day 6 꾸준하군 한윤정 / 부자로 남는 재주]
40,4,6945,2026.04.08.,충실하군 최경남,[Day 4]충실하군 최경남 / 돈이 있다는 것의 의미
40,4,6933,2026.04.07.,쓰나미,"(Day4) 돈이 주는 최고의 배당금, 그리고 '이것'이 없으면 무용지물인 이유 (ft. 돈의 심리학)"
40,4,6924,2026.04.07.,꾸준하군 한윤정,[공유] [Day 5 꾸준하군 한윤정 / 오랫동안 꾸준한 수익률을 유지하자! ]
40,5,6923,2026.04.07.,꾸준하군 한윤정,[공유] [Day 4 꾸준하군 한윤정 / 멈출 수 있는 골대를 세우자! ]
40,5,6921,2026.04.06.,딸셋소령,"""녹지 않은 얼음 하나"""
40,5,6917,2026.04.06.,책내음 양자강,[Day5] 책내음(양자강) / 사람들과 어떻게 지내야 할까?
40,5,6910,2026.04.05.,딸셋소령,"""5천 원의 철학자"""
40,5,6908,2026.04.05.,양기웅,[Day3] 경제관념에 대한 생각/책좀4조 양기웅
40,5,6900,2026.04.05.,뚝샘,[Day 1] 뚝샘 전혜진 / 마음에 남기는 책 속의 한 문장
40,5,6898,2026.04.05.,충실하군 최경남,[Day 3] 충실하군 최경남 / 충분한 삶을 살고 계신가요
40,5,6894,2026.04.05.,책내음 양자강,[Day4] 책내음(양자강) / 나를 찾아가는 길_1화
40,5,6890,2026.04.05.,꾸준하군 한윤정,"[공유] [Day 3 꾸준하군 한윤정 /   행운과 리스크, 담대함과 무모함 ]"
40,5,6889,2026.04.05.,꾸준하군 한윤정,[공유] [Day 2] 꾸준하군 한윤정 / 0.00000001퍼센트
40,5,6883,2026.04.04.,쓰나미,(Day3) 부자와 마라토너의 완벽한 공통점: 오버페이스는 파산을 부른다 (ft. R'cademy)
40,5,6882,2026.04.04.,쓰나미,(Day2) 다이어트의 복리 효과: 폭풍 감량보다 무서운 '유지'의 마법 (ft. 돈의 심리학)
40,5,6879,2026.04.04.,책내음 양자강,[Day3] 책내음(양자강) / 시작했다면 신급이되자
40,5,6874,2026.04.04.,딸셋소령,돈과 부의 차이 - 자는 동안에도 흐르는 구조를 만들고 싶다
40,5,6871,2026.04.04.,양기웅,[Day2] 휴가 3일 주시면 특급전사 따올게요 / 책좀4조 양기웅
40,6,6868,2026.04.04.,충실하군 최경남,[Day 2] 충실하군 최경남 / 요즈음은 달이 차고 기우는 주기가 다시 길어진 것 같아요
40,6,6864,2026.04.03.,책내음 양자강,[Day2] 책내음(양자강) / 리더이긴 힘들지만 들어줄수 있는 사람일 순 있다.
40,6,6850,2026.04.03.,꾸준하군 한윤정,[공유] [Day 1] 꾸준하군 한윤정 / 돈심의 마법에 빠지다!
40,6,6835,2026.04.01.,양기웅,"[Day1] 불연성, 가연성, 자연성 사람들 /책좀4조 양기웅"
40,6,6832,2026.04.01.,충실하군 최경남,[Day 1] 충실하군 최경남 / 워렌버핏과 인생을 바꿀 수 있다면 바꾸시겠습니까?
40,6,6825,2026.04.01.,쓰나미,"(Day1) 요요 현상은 다이어트의 역사가 아니라, 당신의 심리가 반복된 것이다"
40,6,6803,2026.03.30.,책내음 양자강,[Day1] 책내음(양자강) / 잠이 주는 행복
40,6,6795,2026.03.30.,딸셋소령,"""2018년, 죽을 것 같던 그때 책을 붙들었다 - 8년 후 작가가 되다"""
40,6,6793,2026.03.30.,쓰나미,(Day15) 1시간 만에 타인의 수만 시간을 훔치는 마법 (ft. 새벽 6시의 독서관)
61,1,7214,2026.04.25.,JNP,[핵박사의 핵심 레버리지ETF] 손실은 이득보다 더 크게 느껴진다
61,1,7211,2026.04.24.,JNP,[핵박사의 핵심 레버리지ETF] 나는 다르겠지
61,1,7198,2026.04.24.,JNP,[핵박사의 핵심 레버리지ETF] 돈은 그냥 돈이다
61,1,7196,2026.04.23.,JNP,[핵박사의 핵심 레버리지ETF] 불필요한 비교는 나를 망친다
61,1,7190,2026.04.23.,JNP,[핵박사의 핵심 레버리지ETF] 사람 많은 곳에는 이유가 있다고?
61,1,7188,2026.04.23.,JNP,[핵박사의 핵심 레버리지ETF] 스스로 해야 투자다!
61,1,7185,2026.04.22.,JNP,[핵박사의 핵심 레버리지ETF] 믿음으로는 돈을 지킬 수 없었다
61,2,7176,2026.04.22.,책내음 양자강,사람 in 우리 10
61,2,7175,2026.04.22.,JNP,[핵박사의 핵심 레버리지ETF] 남이 해주는 투자는...
61,2,7162,2026.04.20.,책내음 양자강,사람 in 우리 9화
61,2,7160,2026.04.20.,JNP,"유라시아 견문록, 손님은 왕이 아니야"
61,2,7157,2026.04.20.,JNP,"[핵박사의 핵심 레버리지ETF] 통제된 삶에서, 선택의 세계로"
61,2,7091,2026.04.17.,JNP,프롤로그 - 경제적 자유가 보장되어야 일에 집중할 수 있다
61,2,6876,2026.04.04.,건강하군,"Minority의 삶. 4화 : 리액션 꿀팁, 텍로하 즐기기"
